game,score,platform,release_date
The Legend of Zelda: Ocarina of Time,99,Nintendo 64,"November 23, 1998"
Tony Hawk's Pro Skater 2,98,PlayStation,"September 20, 2000"
Grand Theft Auto IV,98,PlayStation 3,"April 29, 2008"
SoulCalibur,98,Dreamcast,"September 8, 1999"
Grand Theft Auto IV,98,Xbox 360,"April 29, 2008"
Super Mario Galaxy,97,Wii,"November 12, 2007"
Super Mario Galaxy 2,97,Wii,"May 23, 2010"
Red Dead Redemption 2,97,Xbox One,"October 26, 2018"
Grand Theft Auto V,97,Xbox One,"November 18, 2014"
Grand Theft Auto V,97,PlayStation 3,"September 17, 2013"
Grand Theft Auto V,97,Xbox 360,"September 17, 2013"
Tony Hawk's Pro Skater 2,97,Dreamcast,"November 6, 2000"
The Legend of Zelda: Breath of the Wild,97,Switch,"March 3, 2017"
Tony Hawk's Pro Skater 3,97,PlayStation 2,"October 28, 2001"
Perfect Dark,97,Nintendo 64,"May 22, 2000"
Red Dead Redemption 2,97,PlayStation 4,"October 26, 2018"
Grand Theft Auto V,97,PlayStation 4,"November 18, 2014"
Metroid Prime,97,GameCube,"November 17, 2002"
Grand Theft Auto III,97,PlayStation 2,"October 22, 2001"
Super Mario Odyssey,97,Switch,"October 27, 2017"
Halo: Combat Evolved,97,Xbox,"November 14, 2001"
NFL 2K1,97,Dreamcast,"September 7, 2000"
Half-Life 2,96,PC,"November 16, 2004"
Grand Theft Auto V,96,PC,"April 13, 2015"
The Legend of Zelda: Breath of the Wild,96,Wii U,"March 3, 2017"
BioShock,96,Xbox 360,"August 21, 2007"
GoldenEye 007,96,Nintendo 64,"August 25, 1997"
Uncharted 2: Among Thieves,96,PlayStation 3,"October 13, 2009"
Resident Evil 4,96,GameCube,"January 11, 2005"
The Orange Box,96,Xbox 360,"October 10, 2007"
The Orange Box,96,PC,"October 10, 2007"
Batman: Arkham City,96,PlayStation 3,"October 18, 2011"
Tekken 3,96,PlayStation,"April 29, 1998"
Mass Effect 2,96,Xbox 360,"January 26, 2010"
The Legend of Zelda: Twilight Princess,96,GameCube,"December 11, 2006"
The Elder Scrolls V: Skyrim,96,Xbox 360,"November 11, 2011"
Half-Life,96,PC,"November 19, 1998"
Resident Evil 4,96,PlayStation 2,"October 25, 2005"
The Legend of Zelda: The Wind Waker,96,GameCube,"March 24, 2003"
Gran Turismo,96,PlayStation,"April 30, 1998"
BioShock,96,PC,"August 21, 2007"
Metal Gear Solid 2: Sons of Liberty,96,PlayStation 2,"November 12, 2001"
Grand Theft Auto Double Pack,96,Xbox,"October 31, 2003"
Baldur's Gate II: Shadows of Amn,95,PC,"September 24, 2000"
Grand Theft Auto: San Andreas,95,PlayStation 2,"October 26, 2004"
Grand Theft Auto: Vice City,95,PlayStation 2,"October 27, 2002"
LittleBigPlanet,95,PlayStation 3,"October 27, 2008"
The Legend of Zelda Collector's Edition,95,GameCube,"November 17, 2003"
Red Dead Redemption,95,PlayStation 3,"May 18, 2010"
Gran Turismo 3: A-Spec,95,PlayStation 2,"July 9, 2001"
Halo 2,95,Xbox,"November 9, 2004"
The Legend of Zelda: A Link to the Past,95,Game Boy Advance,"December 3, 2002"
The Legend of Zelda: Majora's Mask,95,Nintendo 64,"October 25, 2000"
The Last of Us,95,PlayStation 3,"June 14, 2013"
The Legend of Zelda: Twilight Princess,95,Wii,"November 19, 2006"
Madden NFL 2003,95,PlayStation 2,"August 12, 2002"
Tony Hawk's Pro Skater 2,95,Game Boy Advance,"May 30, 2001"
Persona 5 Royal,95,PlayStation 4,"March 31, 2020"
The Last of Us Remastered,95,PlayStation 4,"July 29, 2014"
Portal 2,95,PC,"April 18, 2011"
Red Dead Redemption,95,Xbox 360,"May 18, 2010"
Portal 2,95,Xbox 360,"April 19, 2011"
Metal Gear Solid V: The Phantom Pain,95,Xbox One,"September 1, 2015"
Portal 2,95,PlayStation 3,"April 19, 2011"
World of Goo,94,Wii,"October 13, 2008"
The Elder Scrolls V: Skyrim,94,PC,"November 10, 2011"
BioShock Infinite,94,PlayStation 3,"March 26, 2013"
Final Fantasy IX,94,PlayStation,"November 13, 2000"
Call of Duty: Modern Warfare 2,94,PlayStation 3,"November 10, 2009"
God of War,94,PlayStation 4,"April 20, 2018"
Tony Hawk's Pro Skater 4,94,PlayStation 2,"October 23, 2002"
Devil May Cry,94,PlayStation 2,"October 16, 2001"
Call of Duty 4: Modern Warfare,94,PlayStation 3,"November 5, 2007"
Madden NFL 2002,94,PlayStation 2,"August 19, 2001"
Batman: Arkham City,94,Xbox 360,"October 18, 2011"
Mass Effect 2,94,PC,"January 26, 2010"
The Legend of Zelda: Ocarina of Time 3D,94,3DS,"June 19, 2011"
Chrono Cross,94,PlayStation,"August 15, 2000"
Celeste,94,Xbox One,"January 26, 2018"
BioShock,94,PlayStation 3,"October 21, 2008"
Mass Effect 2,94,PlayStation 3,"January 17, 2011"
Grand Theft Auto: Vice City,94,PC,"May 12, 2003"
Madden NFL 2004,94,PlayStation 2,"August 12, 2003"
Gears of War,94,Xbox 360,"November 7, 2006"
The Elder Scrolls IV: Oblivion,94,Xbox 360,"March 20, 2006"
Sid Meier's Civilization II,94,PC,"February 29, 1996"
Quake,94,PC,"June 22, 1996"
Call of Duty 4: Modern Warfare,94,Xbox 360,"November 5, 2007"
BioShock Infinite,94,PC,"March 25, 2013"
Halo 3,94,Xbox 360,"September 25, 2007"
Ninja Gaiden Black,94,Xbox,"September 20, 2005"
The Elder Scrolls IV: Oblivion,94,PC,"March 20, 2006"
Street Fighter IV,94,PlayStation 3,"February 17, 2009"
Super Mario Advance 4: Super Mario Bros. 3,94,Game Boy Advance,"October 21, 2003"
Jet Grind Radio,94,Dreamcast,"October 30, 2000"
Metal Gear Solid,94,PlayStation,"October 21, 1998"
Grim Fandango,94,PC,"October 14, 1998"
Tom Clancy's Splinter Cell Chaos Theory,94,Xbox,"March 28, 2005"
Burnout 3: Takedown,94,Xbox,"September 7, 2004"
Diablo,94,PC,"December 31, 1996"
Metal Gear Solid 3: Subsistence,94,PlayStation 2,"March 14, 2006"
Call of Duty: Modern Warfare 2,94,Xbox 360,"November 10, 2009"
Metal Gear Solid 4: Guns of the Patriots,94,PlayStation 3,"June 12, 2008"
NCAA Football 2004,94,PlayStation 2,"July 16, 2003"
God of War,94,PlayStation 2,"March 22, 2005"
Star Wars: Knights of the Old Republic,94,Xbox,"July 17, 2003"
Sid Meier's Civilization IV,94,PC,"October 25, 2005"
Madden NFL 2004,94,GameCube,"August 12, 2003"
Virtua Fighter 4,94,PlayStation 2,"March 17, 2002"
Super Mario 64,94,Nintendo 64,"September 26, 1996"
The Witcher 3: Wild Hunt,93,PC,"May 18, 2015"
Burnout 3: Takedown,93,PlayStation 2,"September 7, 2004"
Super Smash Bros. Brawl,93,Wii,"March 9, 2008"
Company of Heroes,93,PC,"September 13, 2006"
Gran Turismo 2,93,PlayStation,"November 30, 1999"
The Last of Us Part II,93,PlayStation 4,"June 19, 2020"
Tom Clancy's Splinter Cell Pandora Tomorrow,93,Xbox,"March 23, 2004"
Grand Theft Auto: Chinatown Wars,93,DS,"March 17, 2009"
Divinity: Original Sin II - Definitive Edition,93,Switch,"September 4, 2019"
Pac-Man Championship Edition DX,93,Xbox 360,"November 17, 2010"
Street Fighter Alpha 3,93,PlayStation,"April 30, 1999"
Ori and the Will of the Wisps,93,Switch,"September 17, 2020"
Tony Hawk's Pro Skater 3,93,Xbox,"March 4, 2002"
Half-Life: Alyx,93,PC,"March 23, 2020"
Divinity: Original Sin II,93,PC,"September 14, 2017"
Unreal Tournament 2004,93,PC,"March 16, 2004"
BioShock Infinite,93,Xbox 360,"March 26, 2013"
Braid,93,Xbox 360,"August 6, 2008"
God of War II,93,PlayStation 2,"March 13, 2007"
Super Mario 3D World,93,Wii U,"November 22, 2013"
Starcraft II: Wings of Liberty,93,PC,"July 27, 2010"
SSX,93,PlayStation 2,"October 30, 2000"
Street Fighter IV,93,Xbox 360,"February 17, 2009"
Minecraft,93,PC,"November 18, 2011"
Undertale,93,Switch,"September 18, 2018"
Persona 4 Golden,93,PlayStation Vita,"November 20, 2012"
Persona 5,93,PlayStation 4,"April 4, 2017"
Red Dead Redemption 2,93,PC,"November 5, 2019"
Hades,93,Switch,"September 17, 2020"
SSX 3,93,PlayStation 2,"October 20, 2003"
Tom Clancy's Splinter Cell,93,Xbox,"November 17, 2002"
Grand Theft Auto III,93,PC,"May 20, 2002"
Quake III Arena,93,Dreamcast,"October 22, 2000"
Homeworld,93,PC,"August 31, 1999"
Okami,93,PlayStation 2,"September 19, 2006"
The Elder Scrolls IV: Oblivion,93,PlayStation 3,"March 20, 2007"
Fallout 3,93,Xbox 360,"October 28, 2008"
Gears of War 2,93,Xbox 360,"November 7, 2008"
SoulCalibur II,93,GameCube,"August 27, 2003"
World Soccer Winning Eleven 6 International,93,PlayStation 2,"March 11, 2003"
NFL 2K3,93,PlayStation 2,"August 12, 2002"
Mass Effect 3,93,Xbox 360,"March 6, 2012"
Metal Gear Solid V: The Phantom Pain,93,PlayStation 4,"September 1, 2015"
Skies of Arcadia,93,Dreamcast,"November 13, 2000"
The Legend of Zelda: Skyward Sword,93,Wii,"November 20, 2011"
Mario Kart Super Circuit,93,Game Boy Advance,"August 26, 2001"
Rock Band 3,93,Xbox 360,"October 26, 2010"
Viewtiful Joe,93,GameCube,"October 7, 2003"
Test Drive Le Mans,93,Dreamcast,"November 13, 2000"
NBA 2K1,93,Dreamcast,"November 1, 2000"
Castlevania: Symphony of the Night,93,PlayStation,"October 2, 1997"
Star Wars: Knights of the Old Republic,93,PC,"November 18, 2003"
Virtua Fighter 4: Evolution,93,PlayStation 2,"August 13, 2003"
Uncharted 4: A Thief's End,93,PlayStation 4,"May 10, 2016"
Super Smash Bros. Ultimate,93,Switch,"December 7, 2018"
Braid,93,PlayStation 3,"November 12, 2009"
Mass Effect 3,93,PlayStation 3,"March 5, 2012"
Paper Mario,93,Nintendo 64,"February 5, 2001"
Wipeout XL,93,PlayStation,"September 30, 1996"
Grand Theft Auto: San Andreas,93,Xbox,"June 7, 2005"
Resident Evil 2,93,Xbox One,"January 25, 2019"
INSIDE,93,Xbox One,"June 29, 2016"
World of Warcraft,93,PC,"November 23, 2004"
Grand Theft Auto: San Andreas,93,PC,"June 7, 2005"
Flipnote Studio,93,DS,"August 12, 2009"
World Soccer Winning Eleven 7 International,93,PlayStation 2,"February 17, 2004"
NBA 2K2,93,Dreamcast,"October 24, 2001"
SoulCalibur II,92,PlayStation 2,"August 27, 2003"
The Elder Scrolls V: Skyrim,92,PlayStation 3,"November 11, 2011"
Prince of Persia: The Sands of Time,92,Xbox,"November 12, 2003"
Call of Duty 4: Modern Warfare,92,PC,"November 5, 2007"
Forza Horizon 4,92,Xbox One,"September 28, 2018"
God of War III,92,PlayStation 3,"March 16, 2010"
Divinity: Original Sin II - Definitive Edition,92,Xbox One,"August 31, 2018"
NFL 2K3,92,GameCube,"August 21, 2002"
SSX Tricky,92,PlayStation 2,"November 5, 2001"
NHL 2002,92,PlayStation 2,"September 24, 2001"
Hades,92,PC,"September 17, 2020"
Guitar Hero II,92,Xbox 360,"April 3, 2007"
Prince of Persia: The Sands of Time,92,PlayStation 2,"November 6, 2003"
Uncharted 3: Drake's Deception,92,PlayStation 3,"November 1, 2011"
Rock Band,92,Xbox 360,"November 20, 2007"
Journey,92,PlayStation 4,"July 21, 2015"
Bloodborne,92,PlayStation 4,"March 24, 2015"
Eternal Darkness: Sanity's Requiem,92,GameCube,"June 23, 2002"
Warcraft III: Reign of Chaos,92,PC,"July 3, 2002"
SSX 3,92,GameCube,"October 20, 2003"
The Sims,92,PC,"February 4, 2000"
Banjo-Kazooie,92,Nintendo 64,"May 31, 1998"
Sid Meier's Gettysburg!,92,PC,"September 30, 1997"
Celeste,92,Switch,"January 25, 2018"
Rock Band 2,92,Wii,"December 18, 2008"
Forza Motorsport,92,Xbox,"May 3, 2005"
Madden NFL 2004,92,Xbox,"August 12, 2003"
Super Street Fighter IV,92,PlayStation 3,"April 27, 2010"
World Soccer Winning Eleven 7 International,92,PC,"April 9, 2004"
Advance Wars,92,Game Boy Advance,"September 9, 2001"
Vagrant Story,92,PlayStation,"May 15, 2000"
What Remains of Edith Finch,92,Xbox One,"July 19, 2017"
Team Fortress 2,92,PC,"October 10, 2007"
System Shock 2,92,PC,"August 11, 1999"
Tom Clancy's Splinter Cell: Chaos Theory,92,PC,"March 28, 2005"
Final Fantasy XII,92,PlayStation 2,"October 31, 2006"
Undertale,92,PlayStation 4,"August 15, 2017"
Madden NFL 2003,92,GameCube,"August 12, 2002"
The Witcher 3: Wild Hunt,92,PlayStation 4,"May 19, 2015"
Super Mario World: Super Mario Advance 2,92,Game Boy Advance,"February 9, 2002"
ESPN NFL 2K5,92,Xbox,"July 20, 2004"
Super Smash Bros. Melee,92,GameCube,"December 2, 2001"
Madden NFL 2003,92,Xbox,"August 12, 2002"
Virtua Tennis,92,Dreamcast,"June 8, 2000"
Rome: Total War,92,PC,"September 22, 2004"
Forza Motorsport 3,92,Xbox 360,"October 27, 2009"
Okami HD,92,PC,"December 12, 2017"
Undertale,92,PC,"September 15, 2015"
Microsoft Flight Simulator,92,PC,"August 18, 2020"
Batman: Arkham Asylum,92,Xbox 360,"August 25, 2009"
Super Mario Sunshine,92,GameCube,"August 25, 2002"
SSX 3,92,Xbox,"October 20, 2003"
SoulCalibur II,92,Xbox,"August 27, 2003"
Tony Hawk's Pro Skater,92,PlayStation,"August 31, 1999"
Thief: The Dark Project,92,PC,"November 30, 1998"
Fire Emblem: Awakening,92,3DS,"February 4, 2013"
Age of Empires II: The Age of Kings,92,PC,"September 30, 1999"
Final Fantasy X,92,PlayStation 2,"December 17, 2001"
Prince of Persia: The Sands of Time,92,GameCube,"November 18, 2003"
The Walking Dead: A Telltale Games Series,92,Xbox 360,"April 27, 2012"
Unreal Tournament (1999),92,PC,"November 30, 1999"
Sid Meier's Alpha Centauri,92,PC,"February 12, 1999"
Wave Race 64,92,Nintendo 64,"November 1, 1996"
Divinity: Original Sin II - Definitive Edition,92,PlayStation 4,"August 31, 2018"
Galactic Civilizations II: Twilight of the Arnor,92,PC,"April 30, 2008"
Super Smash Bros. for Wii U,92,Wii U,"November 21, 2014"
Guitar Hero II,92,PlayStation 2,"November 7, 2006"
Final Fantasy VII,92,PlayStation,"September 3, 1997"
Rock Band,92,PlayStation 3,"November 20, 2007"
Chrono Trigger,92,DS,"November 25, 2008"
Bayonetta 2,92,Switch,"February 16, 2018"
Journey,92,PlayStation 3,"March 13, 2012"
Xenoblade Chronicles,92,Wii,"April 6, 2012"
Conker's Bad Fur Day,92,Nintendo 64,"March 4, 2001"
Medal of Honor,92,PlayStation,"October 31, 1999"
PaRappa the Rapper,92,PlayStation,"October 31, 1997"
Rock Band 2,92,Xbox 360,"September 14, 2008"
Mario Kart 8 Deluxe,92,Switch,"April 28, 2017"
The ICO & Shadow of the Colossus Collection,92,PlayStation 3,"September 27, 2011"
Rayman Origins,92,Wii,"November 15, 2011"
Metroid Prime 2: Echoes,92,GameCube,"November 15, 2004"
Out of the Park Baseball 17,92,PC,"March 22, 2016"
Metroid Fusion,92,Game Boy Advance,"November 17, 2002"
The Witcher 3: Wild Hunt - Blood and Wine,92,PC,"May 30, 2016"
Final Fantasy VI Advance,92,Game Boy Advance,"February 5, 2007"
Rayman Legends,92,Wii U,"September 3, 2013"
Tiger Woods PGA Tour 2003,92,PC,"October 31, 2002"
Madden NFL 2005,91,Xbox,"August 9, 2004"
Super Street Fighter IV,91,Xbox 360,"April 27, 2010"
Pac-Man Championship Edition DX,91,PlayStation 3,"November 23, 2010"
Rock Band 2,91,PlayStation 3,"October 19, 2008"
Dark Souls II,91,Xbox 360,"March 11, 2014"
Dishonored,91,PC,"October 8, 2012"
ESPN NFL Football,91,PlayStation 2,"September 3, 2003"
Medal of Honor: Allied Assault,91,PC,"January 20, 2002"
Myth: The Fallen Lords,91,PC,"October 31, 1997"
LittleBigPlanet 2,91,PlayStation 3,"January 18, 2011"
INSIDE,91,Switch,"June 28, 2018"
Guitar Hero,91,PlayStation 2,"November 7, 2005"
World of Warcraft: Wrath of the Lich King,91,PC,"November 13, 2008"
Rock Band 3,91,Wii,"October 26, 2010"
Metroid Prime Trilogy,91,Wii,"August 24, 2009"
Overwatch,91,PC,"May 23, 2016"
F1 Challenge '99-'02,91,PC,"June 24, 2003"
Tony Hawk's Pro Skater 4,91,GameCube,"October 23, 2002"
Madden NFL 2001,91,PlayStation 2,"October 23, 2000"
Baldur's Gate,91,PC,"December 21, 1998"
Bayonetta 2,91,Wii U,"September 20, 2014"
The Witcher 3: Wild Hunt,91,Xbox One,"May 19, 2015"
Rock Band 3,91,PlayStation 3,"October 26, 2010"
Klonoa 2: Lunatea's Veil,91,PlayStation 2,"July 25, 2001"
IL-2 Sturmovik,91,PC,"November 18, 2001"
Mario Tennis,91,Nintendo 64,"August 28, 2000"
FreeSpace 2,91,PC,"September 30, 1999"
Colony Wars,91,PlayStation,"October 31, 1997"
Metal Gear Solid V: The Phantom Pain,91,PC,"September 1, 2015"
Ratchet & Clank: Up Your Arsenal,91,PlayStation 2,"November 3, 2004"
Resident Evil,91,GameCube,"April 30, 2002"
FIFA Soccer 10,91,PlayStation 3,"October 20, 2009"
Assassin's Creed II,91,PlayStation 3,"November 17, 2009"
Metal Gear Solid 3: Snake Eater,91,PlayStation 2,"November 17, 2004"
Dragon Quest XI S: Echoes of an Elusive Age - Definitive Edition,91,Switch,"September 27, 2019"
Twisted Metal: Black,91,PlayStation 2,"June 18, 2001"
Spyro: Year of the Dragon,91,PlayStation,"October 23, 2000"
Tomb Raider,91,PlayStation,"November 15, 1996"
Overwatch,91,Xbox One,"May 23, 2016"
Sekiro: Shadows Die Twice,91,Xbox One,"March 22, 2019"
Resident Evil 4: Wii Edition,91,Wii,"June 19, 2007"
Shadow of the Colossus,91,PlayStation 2,"October 18, 2005"
Forza Horizon 3,91,Xbox One,"September 23, 2016"
Peggle,91,PlayStation 3,"November 19, 2009"
The Legend of Zelda: Ocarina of Time / Master Quest,91,GameCube,"February 28, 2003"
Borderlands 2,91,PlayStation 3,"September 18, 2012"
Spelunky 2,91,PC,"September 29, 2020"
Sonic Mania Plus,91,Switch,"July 17, 2018"
Tom Clancy's Splinter Cell,91,PC,"February 19, 2003"
Dead Cells,91,Xbox One,"August 7, 2018"
Kentucky Route Zero - Act III,91,PC,"May 6, 2014"
NCAA Football 2003,91,PlayStation 2,"July 20, 2002"
Crysis,91,PC,"November 13, 2007"
Ninja Gaiden,91,Xbox,"March 2, 2004"
God of War: Chains of Olympus,91,PSP,"March 4, 2008"
Final Fantasy XIV: Shadowbringers,91,PlayStation 4,"July 2, 2019"
DOA2: Hardcore,91,PlayStation 2,"October 25, 2000"
World of Warcraft: The Burning Crusade,91,PC,"January 16, 2007"
MLB 10: The Show,91,PlayStation 3,"March 2, 2010"
Shadow of the Colossus,91,PlayStation 4,"February 6, 2018"
Yoshi's Island: Super Mario Advance 3,91,Game Boy Advance,"September 24, 2002"
The Witcher 3: Wild Hunt - Blood and Wine,91,PlayStation 4,"May 30, 2016"
Tiger Woods PGA Tour 2005,91,PC,"September 20, 2004"
ESPN NFL Football,91,Xbox,"September 3, 2003"
NCAA Football 2003,91,GameCube,"July 20, 2002"
The Longest Journey,91,PC,"November 16, 2000"
Tony Hawk's Pro Skater 2,91,PC,"October 25, 2000"
Star Wars Jedi Knight: Dark Forces II,91,PC,"October 9, 1997"
Batman: Arkham Asylum,91,PC,"September 15, 2009"
Halo: Reach,91,Xbox 360,"September 14, 2010"
Galactic Civilizations II: Dark Avatar,91,PC,"February 14, 2007"
Mass Effect,91,Xbox 360,"November 20, 2007"
Crusader Kings III,91,PC,"September 1, 2020"
The Operative: No One Lives Forever,91,PC,"November 11, 2000"
Forza Motorsport 4,91,Xbox 360,"October 11, 2011"
Resident Evil,91,PlayStation,"March 30, 1996"
Battlefield 2,91,PC,"June 21, 2005"
God of War Collection,91,PlayStation 3,"November 17, 2009"
Celeste,91,PlayStation 4,"January 25, 2018"
Madden NFL 2005,91,PlayStation 2,"August 9, 2004"
Tony Hawk's Pro Skater 3,91,GameCube,"November 13, 2001"
Street Fighter IV,91,PC,"July 1, 2009"
Fallout 3,91,PC,"October 28, 2008"
Batman: Arkham City,91,PC,"November 21, 2011"
Fez,91,PC,"May 1, 2013"
Planescape: Torment,91,PC,"December 14, 1999"
Gears of War 3,91,Xbox 360,"September 20, 2011"
Killzone 2,91,PlayStation 3,"February 27, 2009"
Neverwinter Nights,91,PC,"June 16, 2002"
Batman: Arkham Asylum,91,PlayStation 3,"August 25, 2009"
Castlevania: Aria of Sorrow,91,Game Boy Advance,"May 6, 2003"
No One Lives Forever 2: A Spy in H.A.R.M.'s Way,91,PC,"September 30, 2002"
INSIDE,91,PlayStation 4,"August 23, 2016"
Legacy of Kain: Soul Reaver,91,PlayStation,"August 16, 1999"
Dragon Age: Origins,91,PC,"November 3, 2009"
Golden Sun,91,Game Boy Advance,"November 11, 2001"
Rayman Legends,91,PlayStation 3,"September 3, 2013"
F1 2020,91,Xbox One,"July 10, 2020"
Mark of the Ninja,91,PC,"October 16, 2012"
Disco Elysium,91,PC,"October 15, 2019"
World Soccer Winning Eleven 8 International,91,PlayStation 2,"February 1, 2005"
SteamWorld Heist: Ultimate Edition,91,Switch,"December 28, 2017"
The Legend of Zelda: A Link Between Worlds,91,3DS,"November 22, 2013"
NieR: Automata - Game of the YoRHa Edition,91,PlayStation 4,"February 26, 2019"
Dark Souls II,91,PC,"April 25, 2014"
Castlevania: Circle of the Moon,91,Game Boy Advance,"June 10, 2001"
Resident Evil 2,91,PlayStation 4,"January 25, 2019"
Far Cry 3,91,Xbox 360,"December 4, 2012"
Dark Souls II,91,PlayStation 3,"March 11, 2014"
Shovel Knight: Treasure Trove,91,Switch,"March 3, 2017"
flower,91,PlayStation 4,"November 15, 2013"
Mario Kart DS,91,DS,"November 14, 2005"
Call of Duty,91,PC,"October 29, 2003"
Madden NFL 2004,91,PC,"August 12, 2003"
Mario Golf,91,Nintendo 64,"June 30, 1999"
Crash Bandicoot 3: Warped,91,PlayStation,"October 31, 1998"
Assassin's Creed II,90,Xbox 360,"November 17, 2009"
Project Gotham Racing 2,90,Xbox,"November 17, 2003"
NBA 2K12,90,PlayStation 3,"October 4, 2011"
The Sims 2,90,PC,"September 14, 2004"
Animal Crossing: New Horizons,90,Switch,"March 20, 2020"
Final Fantasy XIV: Shadowbringers,90,PC,"July 2, 2019"
World of Warcraft: Cataclysm,90,PC,"December 7, 2010"
Half-Life 2,90,Xbox,"November 15, 2005"
NCAA Football 2003,90,Xbox,"July 20, 2002"
Rayman 2: The Great Escape,90,Nintendo 64,"October 31, 1999"
Bayonetta,90,Xbox 360,"January 5, 2010"
Diablo III: Ultimate Evil Edition,90,PlayStation 4,"August 19, 2014"
Overwatch,90,PlayStation 4,"May 23, 2016"
Far Cry 3,90,PlayStation 3,"December 4, 2012"
ICO,90,PlayStation 2,"September 24, 2001"
Tom Clancy's Ghost Recon Advanced Warfighter,90,Xbox 360,"March 9, 2006"
FIFA Soccer 12,90,PlayStation 3,"September 27, 2011"
World of Goo,90,PC,"October 12, 2008"
Mario & Luigi: Superstar Saga,90,Game Boy Advance,"November 17, 2003"
Shovel Knight,90,PlayStation 4,"April 21, 2015"
Tony Hawk's Underground,90,PlayStation 2,"October 27, 2003"
Marvel vs. Capcom 2,90,Dreamcast,"June 29, 2000"
Ape Escape,90,PlayStation,"May 31, 1999"
Syphon Filter,90,PlayStation,"January 31, 1999"
Mario & Luigi: Bowser's Inside Story,90,DS,"September 14, 2009"
Trials Evolution,90,Xbox 360,"April 18, 2012"
Grand Theft Auto IV: The Lost and Damned,90,Xbox 360,"February 17, 2009"
FIFA Soccer 12,90,Xbox 360,"September 27, 2011"
Monster Hunter: World - Iceborne,90,Xbox One,"September 6, 2019"
Spelunky,90,PC,"August 8, 2013"
FIFA Soccer 10,90,Xbox 360,"October 20, 2009"
Ratchet & Clank: Going Commando,90,PlayStation 2,"November 11, 2003"
NBA Street Vol. 2,90,PlayStation 2,"April 28, 2003"
Tennis 2K2,90,Dreamcast,"October 24, 2001"
Black & White,90,PC,"March 26, 2001"
Fallout 3,90,PlayStation 3,"October 28, 2008"
The Legend of Zelda: The Wind Waker HD,90,Wii U,"September 20, 2013"
ESPN NFL 2K5,90,PlayStation 2,"July 20, 2004"
Portal,90,PC,"October 10, 2007"
Tetris Effect,90,PC,"July 23, 2019"
The Legend of Zelda: Phantom Hourglass,90,DS,"October 1, 2007"
MVP Baseball 2004,90,PlayStation 2,"March 9, 2004"
Tony Hawk's Pro Skater 3,90,Game Boy Advance,"March 4, 2002"
Dance Dance Revolution,90,PlayStation,"May 9, 2001"
NHL 2001,90,PC,"September 28, 2000"
Advance Wars: Dual Strike,90,DS,"August 22, 2005"
Rayman Legends,90,PlayStation 4,"February 18, 2014"
MLB 11: The Show,90,PlayStation 3,"March 8, 2011"
NieR: Automata - Become as Gods Edition,90,Xbox One,"June 26, 2018"
Jak and Daxter: The Precursor Legacy,90,PlayStation 2,"December 3, 2001"
Star Wars Rogue Leader: Rogue Squadron II,90,GameCube,"November 9, 2001"
Bastion,90,Switch,"September 13, 2018"
Monster Hunter: World,90,Xbox One,"January 26, 2018"
Stephen's Sausage Roll,90,PC,"April 18, 2016"
Velocity 2X,90,PlayStation Vita,"September 2, 2014"
Burnout Revenge,90,PlayStation 2,"September 13, 2005"
Tony Hawk's Pro Skater 3,90,PC,"March 28, 2002"
NBA 2K2,90,GameCube,"March 20, 2002"
NCAA Football 2002,90,PlayStation 2,"July 23, 2001"
Unreal Tournament,90,Dreamcast,"March 13, 2001"
Deus Ex,90,PC,"June 23, 2000"
Donkey Kong 64,90,Nintendo 64,"October 31, 1999"
Panzer Dragoon Orta,90,Xbox,"January 12, 2003"
Portal: Still Alive,90,Xbox 360,"October 22, 2008"
Half-Life 2: Episode Two,90,PC,"October 10, 2007"
Fez,90,PlayStation 4,"March 25, 2014"
Braid,90,PC,"April 10, 2009"
The Chronicles of Riddick: Escape From Butcher Bay - Developer's Cut,90,PC,"December 8, 2004"
Shin Megami Tensei: Persona 4,90,PlayStation 2,"December 8, 2008"
Hollow Knight,90,Switch,"June 12, 2018"
MLB 09: The Show,90,PlayStation 3,"March 3, 2009"
Blast Corps,90,Nintendo 64,"February 28, 1997"
Shovel Knight,90,3DS,"June 26, 2014"
Ori and the Will of the Wisps,90,Xbox One,"March 11, 2020"
MVP Baseball 2004,90,Xbox,"March 9, 2004"
Tony Hawk's Pro Skater 4,90,Xbox,"October 23, 2002"
Sid Meier's Civilization III,90,PC,"October 30, 2001"
NFL 2K2,90,Dreamcast,"September 19, 2001"
WWF SmackDown! 2: Know Your Role,90,PlayStation,"November 21, 2000"
LIMBO,90,Xbox 360,"July 21, 2010"
Ori and the Blind Forest: Definitive Edition,90,Switch,"September 27, 2019"
Mark of the Ninja,90,Xbox 360,"September 7, 2012"
Silent Hunter III,90,PC,"March 15, 2005"
Bayonetta,90,PC,"April 11, 2017"
Assassin's Creed: Brotherhood,90,PlayStation 3,"November 16, 2010"
Okami,90,Wii,"April 15, 2008"
Super Meat Boy,90,Xbox 360,"October 20, 2010"
Grand Theft Auto: Chinatown Wars,90,PSP,"October 20, 2009"
Dead Space 2,90,Xbox 360,"January 25, 2011"
Pikmin 2,90,GameCube,"August 30, 2004"
Okami HD,90,PlayStation 3,"October 30, 2012"
NBA 2K17,90,Xbox One,"September 16, 2016"
Madden NFL 2002,90,Xbox,"October 29, 2001"
Grandia II,90,Dreamcast,"December 6, 2000"
Geometry Wars: Retro Evolved 2,90,Xbox 360,"July 30, 2008"
Sid Meier's Civilization V,90,PC,"September 21, 2010"
Super Mario 3D Land,90,3DS,"November 13, 2011"
Mario Kart 8 DLC Pack 2,90,Wii U,"April 23, 2015"
Falcon 4.0: Allied Force,90,PC,"June 28, 2005"
Deus Ex: Human Revolution,90,PC,"August 23, 2011"
XCOM: Enemy Unknown,90,Xbox 360,"October 9, 2012"
Metroid Prime 3: Corruption,90,Wii,"August 27, 2007"
Monster Hunter: World,90,PlayStation 4,"January 26, 2018"
Flight Simulator 2002,90,PC,"October 19, 2001"
Banjo-Tooie,90,Nintendo 64,"November 19, 2000"
Brothers: A Tale of Two Sons,90,PC,"September 3, 2013"
Dota 2,90,PC,"July 9, 2013"
World Soccer Winning Eleven 8 International,90,Xbox,"February 2, 2005"
TimeSplitters 2,90,PlayStation 2,"October 9, 2002"
Guild Wars 2,90,PC,"August 28, 2012"
Forza Motorsport 2,90,Xbox 360,"May 29, 2007"
Tales From The Borderlands: Episode 5 - The Vault of the Traveler,90,PlayStation 4,"October 20, 2015"
Pushmo,90,3DS,"December 8, 2011"
The Witcher 3: Wild Hunt - Hearts of Stone,90,PlayStation 4,"October 12, 2015"
Metal Gear Solid HD Collection,90,Xbox 360,"November 8, 2011"
Viewtiful Joe,90,PlayStation 2,"August 24, 2004"
Madden NFL 2005,90,GameCube,"August 9, 2004"
Tiger Woods PGA Tour 2003,90,GameCube,"October 27, 2002"
Freedom Force,90,PC,"March 24, 2002"
NBA 2K2,90,Xbox,"February 27, 2002"
Colin McRae Rally 2.0,90,PlayStation,"December 5, 2000"
FIFA Soccer 13,90,Xbox 360,"September 25, 2012"
Into the Breach,90,PC,"February 27, 2018"
LIMBO,90,PlayStation 3,"July 19, 2011"
GTR 2,90,PC,"September 29, 2006"
Sekiro: Shadows Die Twice,90,PlayStation 4,"March 22, 2019"
Yakuza 0,90,Xbox One,"February 26, 2020"
NBA 2K13,90,PlayStation 3,"October 2, 2012"
Grand Theft Auto IV,90,PC,"December 2, 2008"
Total War: Shogun 2,90,PC,"March 15, 2011"
Empire: Total War,90,PC,"March 3, 2009"
Rayman Legends,90,Xbox 360,"September 3, 2013"
Astro Bot: Rescue Mission,90,PlayStation 4,"October 2, 2018"
Bayonetta + Bayonetta 2,90,Switch,"February 16, 2018"
Kentucky Route Zero - Act IV,90,PC,"July 20, 2016"
Guacamelee! Super Turbo Championship Edition,90,Wii U,"July 2, 2014"
NBA 2K12,90,Xbox 360,"October 4, 2011"
ESPN NHL Hockey,90,PlayStation 2,"September 9, 2003"
Rayman 2 Revolution,90,PlayStation 2,"January 30, 2001"
Madden NFL 2001,90,PlayStation,"August 22, 2000"
Final Fantasy VIII,90,PlayStation,"September 7, 1999"
Beetle Adventure Racing,90,Nintendo 64,"February 28, 1999"
Command & Conquer: Red Alert,90,PC,"October 31, 1996"
The Witcher 3: Wild Hunt - Hearts of Stone,89,PC,"October 13, 2015"
Star Wars Jedi Knight II: Jedi Outcast,89,PC,"March 26, 2002"
Wipeout HD Fury,89,PlayStation 3,"July 23, 2009"
Halo 2 Multiplayer Map Pack,89,Xbox,"July 5, 2005"
Resident Evil 2,89,PC,"January 25, 2019"
Borderlands 2,89,Xbox 360,"September 18, 2012"
Shin Megami Tensei: Persona 3 Portable,89,PSP,"July 5, 2010"
XCOM: Enemy Unknown,89,PlayStation 3,"October 9, 2012"
Call of Duty 2,89,Xbox 360,"November 17, 2005"
Burnout Revenge,89,Xbox,"September 13, 2005"
Dragon Quest VIII: Journey of the Cursed King,89,PlayStation 2,"November 15, 2005"
Metroid: Zero Mission,89,Game Boy Advance,"February 9, 2004"
The Legend of Zelda: Majora's Mask 3D,89,3DS,"February 13, 2015"
Skylanders Swap Force,89,Wii U,"October 13, 2013"
The Walking Dead: A Telltale Games Series,89,PC,"April 24, 2012"
Tiger Woods PGA Tour 2004,89,PlayStation 2,"September 22, 2003"
Age of Mythology,89,PC,"November 1, 2002"
Pikmin,89,GameCube,"December 2, 2001"
Madden NFL 2002,89,GameCube,"November 17, 2001"
Sacrifice,89,PC,"November 5, 2000"
Samba de Amigo,89,Dreamcast,"October 16, 2000"
Wipeout 3,89,PlayStation,"August 31, 1999"
Monster Hunter: World - Iceborne,89,PlayStation 4,"September 6, 2019"
Plants vs. Zombies,89,Xbox 360,"September 8, 2010"
Dead Cells,89,Switch,"August 7, 2018"
Dark Souls III,89,PC,"April 11, 2016"
Rez HD,89,Xbox 360,"January 30, 2008"
NBA Street V3,89,PlayStation 2,"February 8, 2005"
Demon's Souls,89,PlayStation 3,"October 6, 2009"
Pillars of Eternity,89,PC,"March 26, 2015"
The Elder Scrolls III: Morrowind,89,PC,"May 1, 2002"
Castlevania: Symphony of the Night,89,Xbox 360,"March 21, 2007"
Xenoblade Chronicles: Definitive Edition,89,Switch,"May 29, 2020"
Into the Breach,89,Switch,"August 28, 2018"
F1 2019,89,Xbox One,"June 25, 2019"
Fable II,89,Xbox 360,"October 21, 2008"
Rez Infinite,89,PlayStation 4,"October 13, 2016"
Rocksmith 2014 Edition,89,PC,"October 22, 2013"
NHL 2K3,89,PlayStation 2,"November 10, 2002"
Final Fantasy Chronicles,89,PlayStation,"June 29, 2001"
Fallout,89,PC,"October 9, 1997"
The Beatles: Rock Band,89,Wii,"September 9, 2009"
Assassin's Creed: Brotherhood,89,Xbox 360,"November 16, 2010"
Left 4 Dead 2,89,Xbox 360,"November 17, 2009"
World Soccer Winning Eleven 9,89,PC,"April 28, 2006"
Worldwide Soccer Manager 2005,89,PC,"December 7, 2004"
Dead Cells,89,PC,"August 7, 2018"
There is no game : Wrong dimension,89,PC,"August 6, 2020"
Axiom Verge,89,Wii U,"September 1, 2016"
Left 4 Dead,89,Xbox 360,"November 17, 2008"
Left 4 Dead,89,PC,"November 17, 2008"
Left 4 Dead 2,89,PC,"November 16, 2009"
Titanfall 2,89,PlayStation 4,"October 28, 2016"
F1 2017,89,PC,"August 24, 2017"
Dark Souls III,89,PlayStation 4,"April 12, 2016"
Devil May Cry 5,89,PC,"March 7, 2019"
3D Gunstar Heroes,89,3DS,"August 20, 2015"
Jade Empire,89,Xbox,"April 12, 2005"
Tony Hawk's Underground,89,GameCube,"October 27, 2003"
NHL 2K3,89,Xbox,"November 19, 2002"
NBA 2K3,89,PlayStation 2,"October 8, 2002"
NASCAR Racing 2002 Season,89,PC,"February 14, 2002"
Phantasy Star Online,89,Dreamcast,"January 29, 2001"
Resident Evil 2,89,Nintendo 64,"October 31, 1999"
Tekken 2,89,PlayStation,"August 25, 1996"
Need for Speed: Hot Pursuit,89,PlayStation 3,"November 16, 2010"
F-Zero GX,89,GameCube,"August 26, 2003"
Mass Effect,89,PC,"May 28, 2008"
Dark Souls,89,Xbox 360,"October 4, 2011"
NBA Street V3,89,Xbox,"February 8, 2005"
Need for Speed: Hot Pursuit 2,89,PlayStation 2,"October 1, 2002"
Grand Theft Auto IV: The Ballad of Gay Tony,89,Xbox 360,"October 29, 2009"
The Legend of Zelda: The Minish Cap,89,Game Boy Advance,"January 10, 2005"
NCAA Football 2005,89,Xbox,"July 15, 2004"
NCAA Football 2004,89,GameCube,"July 16, 2003"
Combat Mission: Barbarossa to Berlin,89,PC,"October 29, 2002"
NHL 2002,89,Xbox,"December 10, 2001"
Homeworld: Cataclysm,89,PC,"September 7, 2000"
Tetris Effect,89,PlayStation 4,"November 9, 2018"
Fez,89,Xbox 360,"April 13, 2012"
Cave Story,89,Wii,"March 22, 2010"
Dark Souls II: Scholar of the First Sin,89,Xbox One,"April 7, 2015"
The Walking Dead: Episode 5 - No Time Left,89,PC,"November 21, 2012"
Guild Wars,89,PC,"April 26, 2005"
Borderlands 2,89,PC,"September 17, 2012"
Slay the Spire,89,PC,"January 23, 2019"
World Soccer Winning Eleven 9,89,Xbox,"February 7, 2006"
Guitar Hero 5,89,Wii,"September 1, 2009"
Ace Combat 04: Shattered Skies,89,PlayStation 2,"November 1, 2001"
Max Payne,89,PC,"July 23, 2001"
3D Streets of Rage II,89,3DS,"July 23, 2015"
Out of the Park Baseball 15,89,PC,"April 21, 2014"
MVP Baseball 2004,89,GameCube,"March 9, 2004"
Tiger Woods PGA Tour 2004,89,GameCube,"September 22, 2003"
Tom Clancy's Splinter Cell,89,PlayStation 2,"April 8, 2003"
Max Payne,89,Xbox,"December 12, 2001"
Fire Emblem: Three Houses,89,Switch,"July 26, 2019"
World in Conflict,89,PC,"September 18, 2007"
Burnout Revenge,89,Xbox 360,"March 7, 2006"
FIFA Soccer 11,89,PlayStation 3,"September 28, 2010"
Final Fantasy XIV: Stormblood,89,PlayStation 4,"June 20, 2017"
Deus Ex: Human Revolution,89,PlayStation 3,"August 23, 2011"
Stardew Valley,89,Xbox One,"December 14, 2016"
Castlevania: Dawn of Sorrow,89,DS,"October 4, 2005"
NBA Street Vol. 2,89,Xbox,"April 28, 2003"
Sonic Adventure 2,89,Dreamcast,"June 18, 2001"
NASCAR Racing 4,89,PC,"February 6, 2001"
Duke Nukem 3D,89,PC,"January 29, 1996"
L.A. Noire,89,PlayStation 3,"May 17, 2011"
Okami HD,89,Switch,"August 9, 2018"
Bastion,89,PlayStation 4,"April 7, 2015"
Far Cry,89,PC,"March 23, 2004"
Nuclear Throne,89,PC,"December 5, 2015"
Dead Space,89,Xbox 360,"October 13, 2008"
Lone Echo,89,PC,"July 20, 2017"
FIFA Soccer 12,89,PC,"September 27, 2011"
Dishonored,89,PlayStation 3,"October 9, 2012"
XCOM: Enemy Unknown,89,PC,"October 8, 2012"
Mass Effect 3,89,PC,"March 6, 2012"
Rise of Nations,89,PC,"May 20, 2003"
Apex Legends,89,PlayStation 4,"February 4, 2019"
Shin Megami Tensei: Persona 3 FES,89,PlayStation 2,"April 22, 2008"
Burnout 2: Point of Impact,89,GameCube,"April 9, 2003"
World Series Baseball 2K3,89,Xbox,"March 10, 2003"
NASCAR Racing 2003 Season,89,PC,"February 14, 2003"
Descent 3,89,PC,"June 14, 2000"
Resident Evil 2,89,PlayStation,"January 21, 1998"
The Curse of Monkey Island,89,PC,"October 31, 1997"
Rez Infinite,89,PC,"August 9, 2017"
Dark Souls: Artorias of the Abyss,89,Xbox 360,"October 23, 2012"
Metal Gear Solid HD Collection,89,PlayStation 3,"November 8, 2011"
Battlefield 3,89,PC,"October 25, 2011"
Dead Space 2,89,PlayStation 3,"January 25, 2011"
Battlefield 1942,89,PC,"September 10, 2002"
Dreams,89,PlayStation 4,"February 14, 2020"
Einhander,89,PlayStation,"May 5, 1998"
Deus Ex: Human Revolution,89,Xbox 360,"August 23, 2011"
Tony Hawk's Pro Skater 1 + 2,89,PlayStation 4,"September 4, 2020"
The Chronicles of Riddick: Escape From Butcher Bay,89,Xbox,"June 1, 2004"
The Walking Dead: Episode 5 - No Time Left,89,Xbox 360,"November 21, 2012"
Madden NFL 2003,89,PC,"August 12, 2002"
WWF No Mercy,89,Nintendo 64,"November 17, 2000"
Gran Turismo 4,89,PlayStation 2,"February 22, 2005"
Dragon Age: Inquisition,89,PlayStation 4,"November 18, 2014"
The Beatles: Rock Band,89,Xbox 360,"September 9, 2009"
Advance Wars 2: Black Hole Rising,89,Game Boy Advance,"June 24, 2003"
DiRT 2,89,PC,"December 8, 2009"
Return of the Obra Dinn,89,PC,"October 18, 2018"
Lumines,89,PSP,"March 22, 2005"
L.A. Noire,89,Xbox 360,"May 17, 2011"
Ratchet & Clank Future: Tools of Destruction,89,PlayStation 3,"October 23, 2007"
Peggle,89,Xbox 360,"March 11, 2009"
Tom Clancy's Splinter Cell Double Agent,89,Xbox,"October 24, 2006"
New Super Mario Bros.,89,DS,"May 15, 2006"
Silent Hill 2,89,PlayStation 2,"September 24, 2001"
Battlefield 1,89,PlayStation 4,"October 18, 2016"
Metal Gear Solid: Peace Walker,89,PSP,"June 8, 2010"
Virtua Fighter 5 Online,89,Xbox 360,"October 30, 2007"
"WarioWare, Inc.: Mega Microgame$!",89,Game Boy Advance,"May 21, 2003"
The Orange Box,89,PlayStation 3,"December 11, 2007"
NBA 2K2,89,PlayStation 2,"January 12, 2002"
Grandia,89,PlayStation,"September 30, 1999"
Colors! 3D,89,3DS,"April 5, 2012"
Destiny: The Taken King,89,Xbox One,"September 15, 2015"
NBA 2K11,89,Xbox 360,"October 5, 2010"
Horizon Zero Dawn,89,PlayStation 4,"February 28, 2017"
NBA 2K11,89,PlayStation 3,"October 5, 2010"
Injustice 2,89,Xbox One,"May 16, 2017"
Minecraft: PlayStation 4 Edition,89,PlayStation 4,"September 3, 2014"
Dark Souls,89,PlayStation 3,"October 4, 2011"
Stardew Valley,89,PC,"February 26, 2016"
Prince of Persia: The Sands of Time,89,PC,"December 2, 2003"
What Remains of Edith Finch,89,PC,"April 24, 2017"
Top Spin,89,Xbox,"October 28, 2003"
ESPN NBA Basketball,89,PlayStation 2,"October 21, 2003"
Tiger Woods PGA Tour 2004,89,Xbox,"September 22, 2003"
Tom Clancy's Splinter Cell,89,GameCube,"April 10, 2003"
NHL 2K3,89,GameCube,"December 11, 2002"
NBA Street,89,PlayStation 2,"June 18, 2001"
Railroad Tycoon II,89,PC,"November 2, 1998"
Burnout Paradise,88,Xbox 360,"January 22, 2008"
Asgard's Wrath,88,PC,"October 10, 2019"
Wipeout Pure,88,PSP,"March 16, 2005"
The Beatles: Rock Band,88,PlayStation 3,"September 9, 2009"
XCOM 2: War of the Chosen,88,PC,"August 29, 2017"
Fallout 4,88,Xbox One,"November 10, 2015"
DUSK,88,PC,"December 10, 2018"
Tiger Woods PGA Tour 2005,88,PlayStation 2,"September 20, 2004"
Microsoft Flight Simulator 2004: A Century of Flight,88,PC,"July 29, 2003"
NBA Street Vol. 2,88,GameCube,"April 28, 2003"
Medieval: Total War,88,PC,"August 19, 2002"
Shenmue II,88,Dreamcast,"November 23, 2001"
NHL 2001,88,PlayStation,"September 26, 2000"
Excitebike 64,88,Nintendo 64,"April 30, 2000"
R4: Ridge Racer Type 4,88,PlayStation,"May 1, 1999"
Shadow Complex,88,Xbox 360,"August 19, 2009"
Spelunky,88,PlayStation Vita,"August 27, 2013"
NBA Street V3,88,GameCube,"February 8, 2005"
Mafia,88,PC,"August 27, 2002"
N++,88,Xbox One,"October 4, 2017"
Call of Duty: Modern Warfare 3,88,Xbox 360,"November 8, 2011"
What Remains of Edith Finch,88,PlayStation 4,"April 25, 2017"
Brothers in Arms: Road to Hill 30,88,Xbox,"March 1, 2005"
Sekiro: Shadows Die Twice,88,PC,"March 22, 2019"
Deus Ex: Human Revolution - Director's Cut,88,Wii U,"October 22, 2013"
Madden NFL 06,88,PlayStation 2,"August 8, 2005"
Dishonored,88,Xbox 360,"October 9, 2012"
LIMBO,88,PC,"August 2, 2011"
Crusader Kings II: The Old Gods,88,PC,"May 28, 2013"
Assassin's Creed: Brotherhood,88,PC,"March 22, 2011"
Crash Team Racing,88,PlayStation,"September 30, 1999"
DJ Hero 2,88,Wii,"October 19, 2010"
Pinball FX 2: Marvel Pinball - Avengers Chronicles,88,Xbox 360,"June 20, 2012"
Medal of Honor Frontline,88,PlayStation 2,"May 28, 2002"
Superbike 2001,88,PC,"October 9, 2000"
Ultimate Fighting Championship,88,Dreamcast,"August 29, 2000"
Wolfenstein II: The New Colossus,88,Xbox One,"October 27, 2017"
Mario Kart 8,88,Wii U,"May 30, 2014"
Super Mario Maker,88,Wii U,"September 11, 2015"
NHL 11,88,PlayStation 3,"September 7, 2010"
Divinity: Original Sin Enhanced Edition,88,Xbox One,"October 27, 2015"
Dead Space,88,PlayStation 3,"October 13, 2008"
Tekken 5,88,PlayStation 2,"February 24, 2005"
F.E.A.R.,88,PC,"October 17, 2005"
Psychonauts,88,Xbox,"April 19, 2005"
The Binding of Isaac: Rebirth,88,PlayStation 4,"November 4, 2014"
Tony Hawk's Pro Skater 1 + 2,88,PC,"September 4, 2020"
FIFA 14,88,Xbox One,"November 19, 2013"
NHL 10,88,Xbox 360,"September 15, 2009"
BioShock 2,88,Xbox 360,"February 9, 2010"
Kerbal Space Program,88,PC,"April 27, 2015"
Tribes 2,88,PC,"March 28, 2001"
Age of Empires II: The Conquerors Expansion,88,PC,"August 24, 2000"
Diddy Kong Racing,88,Nintendo 64,"November 24, 1997"
Star Fox 64,88,Nintendo 64,"July 1, 1997"
NHL 09,88,Xbox 360,"September 9, 2008"
Ori and the Blind Forest: Definitive Edition,88,Xbox One,"March 11, 2016"
NieR: Automata,88,PlayStation 4,"March 7, 2017"
Meteos,88,DS,"June 28, 2005"
Zero Escape: Virtue's Last Reward,88,3DS,"October 23, 2012"
Dishonored 2,88,Xbox One,"November 10, 2016"
NHL 09,88,PlayStation 3,"September 9, 2008"
Rise of the Tomb Raider: 20 Year Celebration,88,PlayStation 4,"October 11, 2016"
Hyper Light Drifter,88,Switch,"September 6, 2018"
NHL 10,88,PlayStation 3,"September 15, 2009"
Uncharted: Drake's Fortune,88,PlayStation 3,"November 16, 2007"
Ori and the Will of the Wisps,88,PC,"March 11, 2020"
The Banner Saga 3,88,Xbox One,"July 26, 2018"
Tony Hawk's Pro Skater 1 + 2,88,Xbox One,"September 4, 2020"
Tom Clancy's Rainbow Six Vegas,88,Xbox 360,"November 20, 2006"
Super Street Fighter II Turbo HD Remix,88,Xbox 360,"November 26, 2008"
Tiger Woods PGA Tour 2005,88,Xbox,"September 20, 2004"
Tiger Woods PGA Tour 2004,88,PC,"September 22, 2003"
Warcraft III: The Frozen Throne,88,PC,"July 1, 2003"
Tiger Woods PGA Tour 2003,88,Xbox,"October 27, 2002"
Tactics Ogre: The Knight of Lodis,88,Game Boy Advance,"May 11, 2002"
Starcraft,88,PC,"March 31, 1998"
Assassin's Creed IV: Black Flag,88,PlayStation 3,"October 29, 2013"
Battlefield: Bad Company 2,88,PlayStation 3,"March 2, 2010"
The Last of Us: Left Behind,88,PlayStation 3,"February 14, 2014"
Far Cry 3,88,PC,"December 4, 2012"
Tiger Woods PGA Tour 10,88,Wii,"June 8, 2009"
DOOM Eternal,88,Xbox One,"March 19, 2020"
Star Wars Pinball: Balance of the Force,88,Xbox 360,"October 16, 2013"
World Soccer Winning Eleven 8 International,88,PC,"February 16, 2005"
Fight Night Round 2,88,Xbox,"February 28, 2005"
The Secret of Monkey Island: Special Edition,88,Xbox 360,"July 15, 2009"
Shovel Knight,88,Wii U,"June 26, 2014"
Rayman Origins,88,PlayStation Vita,"February 15, 2012"
Project Gotham Racing 3,88,Xbox 360,"November 16, 2005"
NBA 2K17,88,PlayStation 4,"September 16, 2016"
Battlefield: Bad Company 2,88,Xbox 360,"March 2, 2010"
The World Ends with You,88,DS,"April 22, 2008"
Torchlight II,88,PC,"September 20, 2012"
XCOM 2,88,PC,"February 5, 2016"
Dishonored 2,88,PlayStation 4,"November 10, 2016"
What Remains of Edith Finch,88,Switch,"July 4, 2019"
Injustice 2: Legendary Edition,88,PlayStation 4,"March 27, 2018"
Cuphead,88,PC,"September 29, 2017"
Divinity: Original Sin Enhanced Edition,88,PlayStation 4,"October 27, 2015"
Minecraft: Xbox One Edition,88,Xbox One,"November 18, 2014"
Guacamelee! Super Turbo Championship Edition,88,Xbox One,"July 2, 2014"
XCOM: Enemy Within,88,Xbox 360,"November 12, 2013"
NCAA Football 2005,88,PlayStation 2,"July 15, 2004"
ESPN NHL Hockey,88,Xbox,"September 9, 2003"
NCAA Football 2004,88,Xbox,"July 16, 2003"
FIFA Soccer 2003,88,Xbox,"November 12, 2002"
Ratchet & Clank,88,PlayStation 2,"November 4, 2002"
Tiger Woods PGA Tour 2003,88,PlayStation 2,"October 27, 2002"
TimeSplitters 2,88,GameCube,"October 16, 2002"
JSRF: Jet Set Radio Future,88,Xbox,"February 25, 2002"
Red Faction,88,PlayStation 2,"May 21, 2001"
Myth II: Soulblighter,88,PC,"November 30, 1998"
Ninja Gaiden Sigma,88,PlayStation 3,"July 3, 2007"
Fire Emblem Fates: Special Edition,88,3DS,"February 19, 2016"
Pinball FX 2,88,Xbox 360,"October 27, 2010"
Final Fantasy Tactics: The War of the Lions,88,PSP,"October 9, 2007"
NHL 11,88,Xbox 360,"September 7, 2010"
Wario Land 4,88,Game Boy Advance,"November 18, 2001"
The Elder Scrolls III: Morrowind Game of the Year Edition,88,Xbox,"October 31, 2003"
WarioWare: Twisted!,88,Game Boy Advance,"May 23, 2005"
Halo: The Master Chief Collection - Halo 3,88,PC,"July 14, 2020"
Pokemon Y,88,3DS,"October 12, 2013"
Call of Duty: Black Ops,88,PlayStation 3,"November 9, 2010"
Return to Castle Wolfenstein,88,PC,"November 19, 2001"
Ori and the Blind Forest,88,Xbox One,"March 11, 2015"
Ori and the Blind Forest: Definitive Edition,88,PC,"April 27, 2016"
NCAA Football 07,88,Xbox,"July 18, 2006"
NBA Street,88,GameCube,"February 17, 2002"
Madden NFL 2002,88,PlayStation,"August 13, 2001"
Shogo: Mobile Armor Division,88,PC,"September 30, 1998"
Thirty Flights of Loving,88,PC,"August 20, 2012"
The Witcher 2: Assassins of Kings,88,Xbox 360,"April 17, 2012"
Hearthstone: Heroes of Warcraft,88,PC,"March 11, 2014"
Unity of Command II,88,PC,"November 12, 2019"
Grand Theft Auto: Liberty City Stories,88,PSP,"October 24, 2005"
The Walking Dead: Episode 3 - Long Road Ahead,88,Xbox 360,"August 29, 2012"
Medieval II: Total War,88,PC,"November 13, 2006"
Super Mario Maker 2,88,Switch,"June 28, 2019"
Apex Legends,88,PC,"February 4, 2019"
Sly 2: Band of Thieves,88,PlayStation 2,"September 14, 2004"
Devil May Cry 5,88,PlayStation 4,"March 8, 2019"
Doom 3,88,Xbox,"April 3, 2005"
NCAA Football 2005,88,GameCube,"July 15, 2004"
FIFA Soccer 2003,88,PlayStation 2,"November 14, 2002"
Aggressive Inline,88,GameCube,"July 31, 2002"
F1 2002,88,PC,"June 13, 2002"
Tekken: Dark Resurrection,88,PSP,"July 25, 2006"
The Stanley Parable,88,PC,"October 17, 2013"
Slay the Spire,88,PlayStation 4,"May 21, 2019"
Guacamelee! Gold Edition,88,PC,"August 8, 2013"
BioShock 2,88,PlayStation 3,"February 9, 2010"
ESPN NHL 2K5,88,Xbox,"August 30, 2004"
BioShock 2,88,PC,"February 9, 2010"
Counter-Strike: Source,88,PC,"October 7, 2004"
Fire Emblem,88,Game Boy Advance,"November 3, 2003"
Fire Emblem Fates: Revelation,88,3DS,"March 10, 2016"
Sid Meier's Civilization VI,88,PC,"October 20, 2016"
Battlefield 1,88,PC,"October 21, 2016"
Starcraft II: Legacy of the Void,88,PC,"November 10, 2015"
Diablo III,88,PC,"May 15, 2012"
F1 2020,88,PC,"July 9, 2020"
Downwell,88,Switch,"January 31, 2019"
Owlboy,88,PlayStation 4,"April 10, 2018"
Monster Hunter: World,88,PC,"August 9, 2018"
Fight Night Round 4,88,PlayStation 3,"June 23, 2009"
Diablo III: Eternal Collection,88,Switch,"November 2, 2018"
Oddworld: Stranger's Wrath,88,Xbox,"January 25, 2005"
Rise of Nations: Thrones & Patriots,88,PC,"April 27, 2004"
Sid Meier's Pirates!,88,PC,"November 22, 2004"
A Short Hike,88,Switch,"August 18, 2020"
Battlefield: Bad Company 2 Vietnam,88,PlayStation 3,"December 21, 2010"
EVE Online: Special Edition,88,PC,"March 10, 2009"
SteamWorld Dig 2,88,Switch,"September 21, 2017"
Call of Duty: Modern Warfare 3,88,PlayStation 3,"November 8, 2011"
FIFA Soccer 11,88,Xbox 360,"September 28, 2010"
Apex Legends,88,Xbox One,"February 4, 2019"
LittleBigPlanet PS Vita,88,PlayStation Vita,"September 18, 2012"
Armadillo Run,88,PC,"April 22, 2006"
FIFA Soccer 13,88,PlayStation 3,"September 25, 2012"
Ikaruga,88,Switch,"May 29, 2018"
World of Warcraft: Legion,88,PC,"August 30, 2016"
Pillars of Eternity II: Deadfire,88,PC,"May 8, 2018"
DOOM Eternal,88,PC,"March 20, 2020"
Art of Balance,88,Wii,"February 15, 2010"
MVP Baseball 2005,88,GameCube,"February 22, 2005"
Keep Talking and Nobody Explodes,88,PlayStation 4,"October 13, 2016"
Joe Danger: Special Edition,88,Xbox 360,"December 14, 2011"
Cave Story +,88,Switch,"June 20, 2017"
Crimson Skies: High Road to Revenge,88,Xbox,"October 21, 2003"
NASCAR Thunder 2004,88,PlayStation 2,"September 16, 2003"
Burnout 2: Point of Impact,88,Xbox,"May 1, 2003"
TimeSplitters 2,88,Xbox,"October 17, 2002"
Dark Age of Camelot,88,PC,"September 1, 2001"
Baldur's Gate II: Throne of Bhaal,88,PC,"June 21, 2001"
Counter-Strike,88,PC,"November 8, 2000"
Owlboy,88,PC,"November 1, 2016"
The Talos Principle: Deluxe Edition,88,PlayStation 4,"October 13, 2015"
Battlefield: Bad Company 2 Vietnam,88,Xbox 360,"December 21, 2010"
Celeste,88,PC,"January 25, 2018"
Tony Hawk's Pro Skater 4,88,PC,"August 27, 2003"
Night in the Woods,88,PC,"February 21, 2017"
Spelunky 2,88,PlayStation 4,"September 15, 2020"
Ori and the Blind Forest,88,PC,"March 11, 2015"
Need for Speed: Hot Pursuit,88,Xbox 360,"November 16, 2010"
Pistol Whip,88,PlayStation 4,"July 30, 2020"
Ridge Racer,88,PSP,"March 22, 2005"
Forza Horizon 4,88,PC,"September 28, 2018"
Fight Night Round 2,88,PlayStation 2,"February 28, 2005"
Nex Machina: Death Machine,88,PlayStation 4,"June 20, 2017"
Nioh,88,PlayStation 4,"February 7, 2017"
Animal Crossing: New Leaf,88,3DS,"June 9, 2013"
Diablo II,88,PC,"June 29, 2000"
Kentucky Route Zero: TV Edition,88,PlayStation 4,"January 28, 2020"
Hellblade: Senua's Sacrifice,88,Xbox One,"April 11, 2018"
The Walking Dead: Episode 5 - No Time Left,88,PlayStation 3,"November 20, 2012"
NBA 2K13,88,Xbox 360,"October 2, 2012"
The Witcher 2: Assassins of Kings,88,PC,"May 17, 2011"
Tiger Woods PGA Tour 2005,88,GameCube,"September 20, 2004"
SSX Tricky,88,Xbox,"December 10, 2001"
Oddworld: Abe's Exoddus,88,PlayStation,"October 31, 1998"
Plants vs. Zombies,87,PC,"May 5, 2009"
Rocksmith 2014 Edition,87,Xbox 360,"October 22, 2013"
Burnout Paradise,87,PlayStation 3,"January 22, 2008"
Guacamelee! Super Turbo Championship Edition,87,PlayStation 4,"July 1, 2014"
DOOM 3,87,PC,"August 3, 2004"
Subnautica,87,PC,"January 23, 2018"
Frostpunk: Console Edition,87,PlayStation 4,"October 11, 2019"
GRID,87,PlayStation 3,"June 3, 2008"
Stardew Valley,87,Switch,"October 5, 2017"
Devil May Cry 5,87,Xbox One,"March 8, 2019"
Super Meat Boy,87,PC,"November 30, 2010"
Middle-earth: Shadow of Mordor,87,Xbox One,"September 30, 2014"
Halo 4,87,Xbox 360,"November 6, 2012"
Football Manager 2010,87,PC,"November 3, 2009"
Final Fantasy XIV: Stormblood,87,PC,"June 20, 2017"
Bloodborne: The Old Hunters,87,PlayStation 4,"November 24, 2015"
XCOM 2,87,PlayStation 4,"September 27, 2016"
Super Street Fighter II Turbo HD Remix,87,PlayStation 3,"November 25, 2008"
Injustice 2,87,PlayStation 4,"May 16, 2017"
SOCOM II: U.S. Navy SEALs,87,PlayStation 2,"November 4, 2003"
The Witness,87,PlayStation 4,"January 26, 2016"
Monster Hunter: World - Iceborne,87,PC,"January 9, 2020"
DOOM,87,Xbox One,"May 13, 2016"
BlazBlue: Calamity Trigger,87,PlayStation 3,"June 30, 2009"
Rallisport Challenge 2,87,Xbox,"May 4, 2004"
Oddworld: Abe's Oddysee - New 'n' Tasty,87,PC,"February 25, 2015"
Dead Cells,87,PlayStation 4,"August 7, 2018"
Battlefield 1,87,Xbox One,"October 18, 2016"
Sid Meier's Civilization VI,87,PlayStation 4,"November 22, 2019"
Midnight Club 3: DUB Edition Remix,87,Xbox,"March 13, 2006"
Final Fantasy VII Remake,87,PlayStation 4,"April 10, 2020"
Dark Souls III,87,Xbox One,"April 12, 2016"
Monkey Island 2 Special Edition: LeChuck's Revenge,87,PlayStation 3,"July 6, 2010"
Red Dead Redemption: Undead Nightmare Pack,87,PlayStation 3,"October 26, 2010"
Pokemon White Version,87,DS,"March 6, 2011"
Dragon Quest IX: Sentinels of the Starry Skies,87,DS,"July 11, 2010"
Pokemon X,87,3DS,"October 12, 2013"
RimWorld,87,PC,"October 17, 2018"
Tom Clancy's Splinter Cell: Pandora Tomorrow,87,PC,"March 23, 2004"
Baldur's Gate: Dark Alliance,87,PlayStation 2,"December 2, 2001"
Europa Universalis II,87,PC,"November 12, 2001"
Tony Hawk's Pro Skater 3,87,PlayStation,"October 29, 2001"
Metropolis Street Racer,87,Dreamcast,"January 15, 2001"
Power Stone 2,87,Dreamcast,"August 23, 2000"
Cuphead,87,Switch,"April 17, 2019"
Burnout Paradise: The Ultimate Box,87,PC,"February 5, 2009"
FIFA Soccer 09,87,Xbox 360,"October 13, 2008"
Jeanne d'Arc,87,PSP,"August 21, 2007"
Street Fighter V: Arcade Edition,87,PlayStation 4,"January 16, 2018"
Battlefield: Bad Company 2,87,PC,"March 2, 2010"
Guacamelee!,87,PlayStation Vita,"April 9, 2013"
FIFA Soccer 09,87,PlayStation 3,"October 13, 2008"
Astral Chain,87,Switch,"August 30, 2019"
Steins;Gate,87,PC,"March 31, 2014"
NCAA Football 06,87,PlayStation 2,"July 11, 2005"
GRID (2008),87,PC,"June 3, 2008"
Night in the Woods,87,PlayStation 4,"February 21, 2017"
DiRT 3,87,PlayStation 3,"May 24, 2011"
Critter Crunch,87,PlayStation 3,"October 8, 2009"
Crypt of the NecroDancer,87,PC,"April 23, 2015"
La-Mulana,87,Wii,"September 20, 2012"
Max Payne 3,87,PlayStation 3,"May 15, 2012"
Pokemon Sun,87,3DS,"November 18, 2016"
Sins of a Solar Empire,87,PC,"February 4, 2008"
Dragon Ball FighterZ,87,Switch,"September 28, 2018"
The Walking Dead: Season Two Episode 5 - No Going Back,87,PlayStation 3,"August 26, 2014"
Ikaruga,87,Xbox 360,"April 9, 2008"
Heavy Rain,87,PlayStation 3,"February 23, 2010"
Super Monkey Ball 2,87,GameCube,"August 25, 2002"
MechWarrior 4: Vengeance,87,PC,"November 23, 2000"
Thief II: The Metal Age,87,PC,"March 23, 2000"
Tactics Ogre: Let Us Cling Together,87,PSP,"February 14, 2011"
Tom Clancy's Splinter Cell Chaos Theory,87,PlayStation 2,"March 28, 2005"
Diablo II: Lord of Destruction,87,PC,"June 27, 2001"
Monkey Island 2 Special Edition: LeChuck's Revenge,87,PC,"July 7, 2010"
Half-Life 2: Episode One,87,PC,"June 1, 2006"
